아빠는 N살 조회수,아빠는 N살 연재일,아빠는 N살 댓글 수,나타나주세요! 조회수,나타나주세요! 연재일,나타나주세요! 댓글 수,런어웨이 조회수,런어웨이 연재일,런어웨이 댓글 수,우리집 강아지는 복슬강아지 조회수,우리집 강아지는 복슬강아지 연재일,우리집 강아지는 복슬강아지 댓글 수,집순이에 대하여 조회수,집순이에 대하여 연재일,집순이에 대하여 댓글 수,하이스쿨 콤플렉스(마이동풍) 조회수,하이스쿨 콤플렉스(마이동풍) 연재일,하이스쿨 콤플렉스(마이동풍) 댓글 수
3042,2021.04.29,28,16386,2021.04.05,164,10527,2021.04.23,59,13897,2021.04.17,58,10583,2021.04.25,69,15797,2021.04.03,32
7670,2021.04.28,31,56453,2020.09.25,855,15566,2021.04.09,61,18316,2021.04.01,91,14030,2021.04.19,46,21056,2021.03.12,50
10238,2021.04.27,57,28529,2020.09.03,170,16684,2021.03.26,54,21414,2021.03.20,78,18096,2021.04.12,64,20992,2021.03.06,63
11430,2021.04.26,41,25041,2020.08.27,128,20041,2021.03.06,65,24164,2021.03.06,70,17842,2021.04.05,39,25667,2021.02.25,87
13369,2021.04.23,51,26747,2020.08.20,77,22055,2021.02.19,103,24454,2021.02.20,58,14025,2021.03.28,52,21260,2021.02.24,45
13568,2021.04.22,34,29572,2020.08.14,87,23789,2021.02.05,94,24455,2021.02.20,58,16264,2021.03.21,49,25434,2021.02.23,48
14264,2021.04.21,32,34425,2020.08.07,82,26366,2021.01.22,94,13898,2021.04.17,58,20843,2021.03.15,42,39052,2020.12.10,51
14439,2021.04.20,43,59965,2020.07.31,101,27205,2021.01.08,118,29321,2021.01.09,79,22283,2021.03.07,50,39053,2020.12.10,51
14725,2021.04.19,42,24000,2020.06.30,60,28462,2020.12.18,95,28221,2020.12.25,96,20009,2021.03.01,40,30044,2020.11.12,46
15781,2021.04.16,32,18821,2020.06.12,72,28366,2020.12.04,107,30833,2020.12.12,86,22315,2021.02.22,35,39624,2020.11.09,62
